{
  "mean": [
    0.5795443509205989,
    0.5851508800541758,
    0.608484586145429,
    0.6374162647303264,
    0.6152353877404578,
    0.5566720715957791,
    0.5202891138471569,
    0.49825532158881713,
    0.4899065041205973,
    0.4973050225988269,
    0.5086160536540106,
    0.5038350680697983,
    0.5051928028843511,
    0.5151176656059464,
    0.5428360059846048,
    0.5888648356473456,
    0.6202404662730856,
    0.6032090966206266,
    0.5829476472772892,
    0.5785165933034949
  ],
  "std": [
    0.006720352085398202,
    0.014468382758469258,
    0.0263346654380819,
    0.052013650538537425,
    0.07527896528380608,
    0.06120332003225917,
    0.05617292272019767,
    0.04967478582829786,
    0.05362310776093956,
    0.07364916699688519,
    0.08846103741457184,
    0.06950414219346933,
    0.06513687844507776,
    0.06272947360818,
    0.07086993785367636,
    0.08344633389705634,
    0.06742024947792262,
    0.040072055418302055,
    0.025032627243670544,
    0.014245229090214572
  ]
}