{
  "mean": [
    0.6831029653549194,
    0.6546995043754578,
    0.6353126764297485,
    0.6212696433067322,
    0.6015447974205017,
    0.5939854979515076,
    0.588280439376831,
    0.5869187116622925,
    0.5808140635490417,
    0.5725584030151367,
    0.5701601505279541,
    0.563952624797821,
    0.5593483448028564,
    0.5573115944862366,
    0.5518266558647156,
    0.5448391437530518,
    0.541281521320343,
    0.5514515042304993,
    0.5505144000053406,
    1.0,
    0.0,
    0.0,
    0.0
  ],
  "std": [
    0.21426478028297424,
    0.18435853719711304,
    0.17429551482200623,
    0.1715671718120575,
    0.17287789285182953,
    0.17000240087509155,
    0.17066237330436707,
    0.17282603681087494,
    0.17079226672649384,
    0.16631552577018738,
    0.16583563387393951,
    0.16367657482624054,
    0.16304552555084229,
    0.16252058744430542,
    0.1581583321094513,
    0.15619732439517975,
    0.16034004092216492,
    0.1712929606437683,
    0.22006969153881073,
    0.10000000149011612,
    1.0,
    1.0,
    1.0
  ],
  "n_frames": 5468
}